<?xml version="1.0" encoding="UTF-8"?>
<project-private xmlns="http://www.netbeans.org/ns/project-private/1">
    <editor-bookmarks xmlns="http://www.netbeans.org/ns/editor-bookmarks/2" lastBookmarkId="0"/>
    <open-files xmlns="http://www.netbeans.org/ns/projectui-open-files/2">
        <group>
            <file>file:/C:/xampp/htdocs/Airline_reservation_system_Demo/src/airlinereservation/Update_Flights.java</file>
            <file>file:/C:/xampp/htdocs/Airline_reservation_system_Demo/src/airlinereservation/Ticket_reservation.java</file>
            <file>file:/C:/xampp/htdocs/Airline_reservation_system_Demo/src/airlinereservation/AdminHome.java</file>
        </group>
    </open-files>
</project-private>
